onset	duration	condition_type
0	11	stimPicChoice
11	5	stimCuePic
16	118.2	AB_5yr
17.032978	12.041	EXT_OTHER
29.074233	18.495	EXT_SEM
47.568882	2.967	EXT_OTHER
50.53542	2.242	EXT_SEM
52.777481	1.562	EXT_OTHER
54.339465	1.898	EXT_REP
56.237028	1.807	EXT_OTHER
58.044335	38.946	EXT_SEM
96.990397	1.986	EXT_REP
98.976712	5.909	EXT_OTHER
104.886093	26.27	EXT_SEM
154	11	stimPicChoice
165	5	stimCuePic
170	118.2	AB_today
171.195072	8.26	EXT_OTHER
179.455246	0.396	INT_TIME
179.851092	4.313	EXT_OTHER
184.164367	1.713	INT_ACT
185.877517	0.572	INT_PERSON
186.449343	0.618	EXT_REP
187.067248	0.878	INT_PERC
187.945253	0.676	INT_OBJ
188.620825	2.651	INT_PLACE
191.271444	1.111	INT_PERC
192.38211	1.51	EXT_REP
193.892519	1.898	INT_OBJ
195.790345	1.088	INT_PERC
196.877958	1.428	INT_OBJ
198.305927	0.955	INT_ACT
199.2611	2.014	INT_OBJ
201.275053	2.683	INT_ACT
203.958308	3.068	INT_PERC
207.02593	0.69	INT_PERSON
207.715955	0.584	EXT_SEM
208.300384	5.434	INT_ACT
213.734386	5.133	EXT_OTHER
218.867851	4.685	INT_EMO
223.553142	3.517	EXT_SEM
227.070352	2.702	INT_EMO
229.772122	4.502	EXT_SEM
234.274376	2.134	INT_EMO
236.408342	1.242	EXT_REP
237.649985	2.798	EXT_EPI
240.447976	4.096	EXT_OTHER
244.544033	1.951	INT_ACT
246.495289	2.849	INT_PERC
249.344452	1.687	INT_ACT
251.031087	8.948	EXT_OTHER
259.978798	8.529	INT_ACT
268.50757	4.501	INT_OBJ
273.008533	4.277	INT_PERC
277.285605	0.487	INT_OBJ
277.772126	7.779	INT_EMO
308	11	stimPicChoice
319	5	stimCuePic
324	118.2	AB_6mo
329.201577	23.064	EXT_SEM
352.265637	1.974	INT_ACT
354.239267	3.055	INT_PLACE
357.294108	3.619	INT_OBJ
360.913031	0.869	INT_ACT
361.781951	1.804	EXT_SEM
363.585837	4.862	EXT_OTHER
368.447688	4.592	INT_PERSON
373.039843	4.729	EXT_SEM
377.769078	0.096	EXT_EPI
377.864915	2.639	INT_PERSON
380.503622	6.833	INT_PLACE
387.336939	4.093	EXT_REP
391.42951	5.08	INT_PLACE
396.509031	2.544	EXT_OTHER
399.053153	7.331	INT_PLACE
406.384398	1.581	INT_ACT
407.965705	2.59	INT_OBJ
410.55589	7.893	EXT_REP
418.44925	4.875	EXT_SEM
423.324406	10.555	EXT_OTHER
433.879632	1.017	INT_TIME
434.89679	5.283	INT_EMO
440.179847	1.524	EXT_SEM